job_id,run_name,status,classifier,model,model_name,input_mode,unfreeze_layers,head_type,loss_name,epochs,pooling,encoder_lr,classifier_lr,data_source,split_regime,uses_fixed_test_csv,train_size,val_size,test_size,val_macro_f1,test_loss,test_macro_f1,test_accuracy,best_epoch,start_phase,use_time_of_tweet,use_age_of_user,use_country,label,log_path,command
539876,bert_linear,complete,linear,bert,bert-base-uncased,,,,,,auto,2e-5,1e-4,,fixed_test_csv,1,23358,4122,,0.6589,,0.6586,0.6565,,1,,,,bert | linear,/home/k/kimsh/cs4248/project/results/slurm_new_539876.log,python -u run_all.py --classifier linear --model bert --max_length 128 --embed_batch_size 64 --batch_size 32 --eval_batch_size 64 --encoder_lr 2e-5 --classifier_lr 1e-4 --weight_decay 1e-2 --warmup_ratio 0.1 --pooling auto --dropout 0.1 --run_name bert_linear --start_phase 1
539884,distilbert_linear,complete,linear,distilbert,distilbert-base-uncased,,,,,,auto,2e-5,1e-4,,fixed_test_csv,1,23358,4122,,0.6559,,0.6670,0.6661,,1,,,,distilbert | linear,/home/k/kimsh/cs4248/project/results/slurm_new_539884.log,python -u run_all.py --classifier linear --model distilbert --max_length 128 --embed_batch_size 64 --batch_size 32 --eval_batch_size 64 --encoder_lr 2e-5 --classifier_lr 1e-4 --weight_decay 1e-2 --warmup_ratio 0.1 --pooling auto --dropout 0.1 --run_name distilbert_linear --start_phase 1
539886,roberta_linear,complete,linear,roberta,roberta-base,,,,,,auto,2e-5,1e-4,,fixed_test_csv,1,23358,4122,,0.5641,,0.5578,0.5798,,1,,,,roberta | linear,/home/k/kimsh/cs4248/project/results/slurm_new_539886.log,python -u run_all.py --classifier linear --model roberta --max_length 128 --embed_batch_size 64 --batch_size 32 --eval_batch_size 64 --encoder_lr 2e-5 --classifier_lr 1e-4 --weight_decay 1e-2 --warmup_ratio 0.1 --pooling auto --dropout 0.1 --run_name roberta_linear --start_phase 1
539891,bertweet_linear,complete,linear,bertweet,vinai/bertweet-base,,,,,,auto,2e-5,1e-4,,fixed_test_csv,1,23358,4122,,0.6078,,0.5947,0.5996,,1,,,,bertweet | linear,/home/k/kimsh/cs4248/project/results/slurm_new_539891.log,python -u run_all.py --classifier linear --model bertweet --max_length 128 --embed_batch_size 64 --batch_size 32 --eval_batch_size 64 --encoder_lr 2e-5 --classifier_lr 1e-4 --weight_decay 1e-2 --warmup_ratio 0.1 --pooling auto --dropout 0.1 --run_name bertweet_linear --start_phase 1
539892,finbert_linear,complete,linear,finbert,ProsusAI/finbert,,,,,,auto,2e-5,1e-4,,fixed_test_csv,1,23358,4122,,0.6941,,0.7022,0.6986,,1,,,,finbert | linear,/home/k/kimsh/cs4248/project/results/slurm_new_539892.log,python -u run_all.py --classifier linear --model finbert --max_length 128 --embed_batch_size 64 --batch_size 32 --eval_batch_size 64 --encoder_lr 2e-5 --classifier_lr 1e-4 --weight_decay 1e-2 --warmup_ratio 0.1 --pooling auto --dropout 0.1 --run_name finbert_linear --start_phase 1
539905,bert_u4_mlp_ce_std,complete,transformer,bert,bert-base-uncased,text,4,mlp,cross_entropy,5,auto,2e-5,1e-4,cache_tokens,fixed_test_csv,1,23358,4122,3534,0.7750,0.5215,0.7725,0.7699,2,1,,,,bert | text | L4 | mlp | cross_entropy,/home/k/kimsh/cs4248/project/results/slurm_new_539905.log,python -u run_all.py --classifier transformer --model bert --max_length 128 --embed_batch_size 64 --batch_size 32 --eval_batch_size 64 --encoder_lr 2e-5 --classifier_lr 1e-4 --weight_decay 1e-2 --warmup_ratio 0.1 --pooling auto --dropout 0.1 --run_name bert_u4_mlp_ce_std --epochs 5 --unfreeze_layers 4 --input_mode text --head_type mlp --hidden_dim 0 --loss_name cross_entropy --focal_gamma 1.5 --patience 2 --label_smoothing 0.0 --grad_clip_norm 1.0 --start_phase 1
539921,distilbert_u4_mlp_ce_std,complete,transformer,distilbert,distilbert-base-uncased,text,4,mlp,cross_entropy,5,auto,2e-5,1e-4,cache_tokens,fixed_test_csv,1,23358,4122,3534,0.7840,0.5661,0.7839,0.7810,4,1,,,,distilbert | text | L4 | mlp | cross_entropy,/home/k/kimsh/cs4248/project/results/slurm_new_539921.log,python -u run_all.py --classifier transformer --model distilbert --max_length 128 --embed_batch_size 64 --batch_size 32 --eval_batch_size 64 --encoder_lr 2e-5 --classifier_lr 1e-4 --weight_decay 1e-2 --warmup_ratio 0.1 --pooling auto --dropout 0.1 --run_name distilbert_u4_mlp_ce_std --epochs 5 --unfreeze_layers 4 --input_mode text --head_type mlp --hidden_dim 0 --loss_name cross_entropy --focal_gamma 1.5 --patience 2 --label_smoothing 0.0 --grad_clip_norm 1.0 --start_phase 1
539944,roberta_u4_mlp_ce_std,complete,transformer,roberta,roberta-base,text,4,mlp,cross_entropy,5,auto,2e-5,1e-4,cache_tokens,fixed_test_csv,1,23358,4122,3534,0.7799,0.5305,0.7813,0.7779,3,1,,,,roberta | text | L4 | mlp | cross_entropy,/home/k/kimsh/cs4248/project/results/slurm_new_539944.log,python -u run_all.py --classifier transformer --model roberta --max_length 128 --embed_batch_size 64 --batch_size 32 --eval_batch_size 64 --encoder_lr 2e-5 --classifier_lr 1e-4 --weight_decay 1e-2 --warmup_ratio 0.1 --pooling auto --dropout 0.1 --run_name roberta_u4_mlp_ce_std --epochs 5 --unfreeze_layers 4 --input_mode text --head_type mlp --hidden_dim 0 --loss_name cross_entropy --focal_gamma 1.5 --patience 2 --label_smoothing 0.0 --grad_clip_norm 1.0 --start_phase 1
539953,bertweet_u4_mlp_ce_std,complete,transformer,bertweet,vinai/bertweet-base,text,4,mlp,cross_entropy,5,auto,2e-5,1e-4,cache_tokens,fixed_test_csv,1,23358,4122,3534,0.7909,0.5282,0.7833,0.7799,5,1,,,,bertweet | text | L4 | mlp | cross_entropy,/home/k/kimsh/cs4248/project/results/slurm_new_539953.log,python -u run_all.py --classifier transformer --model bertweet --max_length 128 --embed_batch_size 64 --batch_size 32 --eval_batch_size 64 --encoder_lr 2e-5 --classifier_lr 1e-4 --weight_decay 1e-2 --warmup_ratio 0.1 --pooling auto --dropout 0.1 --run_name bertweet_u4_mlp_ce_std --epochs 5 --unfreeze_layers 4 --input_mode text --head_type mlp --hidden_dim 0 --loss_name cross_entropy --focal_gamma 1.5 --patience 2 --label_smoothing 0.0 --grad_clip_norm 1.0 --start_phase 1
539963,finbert_u4_mlp_ce_std,complete,transformer,finbert,ProsusAI/finbert,text,4,mlp,cross_entropy,5,auto,2e-5,1e-4,cache_tokens,fixed_test_csv,1,23358,4122,3534,0.7637,0.5403,0.7745,0.7711,3,1,,,,finbert | text | L4 | mlp | cross_entropy,/home/k/kimsh/cs4248/project/results/slurm_new_539963.log,python -u run_all.py --classifier transformer --model finbert --max_length 128 --embed_batch_size 64 --batch_size 32 --eval_batch_size 64 --encoder_lr 2e-5 --classifier_lr 1e-4 --weight_decay 1e-2 --warmup_ratio 0.1 --pooling auto --dropout 0.1 --run_name finbert_u4_mlp_ce_std --epochs 5 --unfreeze_layers 4 --input_mode text --head_type mlp --hidden_dim 0 --loss_name cross_entropy --focal_gamma 1.5 --patience 2 --label_smoothing 0.0 --grad_clip_norm 1.0 --start_phase 1
539970,qwen2_u4_mlp_ce_std,incomplete,transformer,qwen2,Qwen/Qwen2.5-0.5B,text,4,mlp,cross_entropy,5,auto,2e-5,1e-4,cache_tokens,fixed_test_csv,1,23358,4122,3534,,,,,,1,,,,qwen2 | text | L4 | mlp | cross_entropy,/home/k/kimsh/cs4248/project/results/slurm_new_539970.log,python -u run_all.py --classifier transformer --model qwen2 --max_length 128 --embed_batch_size 64 --batch_size 32 --eval_batch_size 64 --encoder_lr 2e-5 --classifier_lr 1e-4 --weight_decay 1e-2 --warmup_ratio 0.1 --pooling auto --dropout 0.1 --run_name qwen2_u4_mlp_ce_std --epochs 5 --unfreeze_layers 4 --input_mode text --head_type mlp --hidden_dim 0 --loss_name cross_entropy --focal_gamma 1.5 --patience 2 --label_smoothing 0.0 --grad_clip_norm 1.0 --start_phase 1
539972,tinyllama_u4_mlp_ce_std,incomplete,transformer,tinyllama,TinyLlama/TinyLlama-1.1B-Chat-v1.0,text,4,mlp,cross_entropy,5,auto,2e-5,1e-4,cache_tokens,fixed_test_csv,1,23358,4122,3534,,,,,,1,,,,tinyllama | text | L4 | mlp | cross_entropy,/home/k/kimsh/cs4248/project/results/slurm_new_539972.log,python -u run_all.py --classifier transformer --model tinyllama --max_length 128 --embed_batch_size 64 --batch_size 32 --eval_batch_size 64 --encoder_lr 2e-5 --classifier_lr 1e-4 --weight_decay 1e-2 --warmup_ratio 0.1 --pooling auto --dropout 0.1 --run_name tinyllama_u4_mlp_ce_std --epochs 5 --unfreeze_layers 4 --input_mode text --head_type mlp --hidden_dim 0 --loss_name cross_entropy --focal_gamma 1.5 --patience 2 --label_smoothing 0.0 --grad_clip_norm 1.0 --start_phase 1
539973,bert_u0_mlp_ce_std,complete,transformer,bert,bert-base-uncased,text,0,mlp,cross_entropy,5,auto,2e-5,1e-4,cache_tokens,fixed_test_csv,1,23358,4122,3534,0.6551,0.7596,0.6629,0.6607,2,1,,,,bert | text | L0 | mlp | cross_entropy,/home/k/kimsh/cs4248/project/results/slurm_new_539973.log,python -u run_all.py --classifier transformer --model bert --max_length 128 --embed_batch_size 64 --batch_size 32 --eval_batch_size 64 --encoder_lr 2e-5 --classifier_lr 1e-4 --weight_decay 1e-2 --warmup_ratio 0.1 --pooling auto --dropout 0.1 --run_name bert_u0_mlp_ce_std --epochs 5 --unfreeze_layers 0 --input_mode text --head_type mlp --hidden_dim 0 --loss_name cross_entropy --focal_gamma 1.5 --patience 2 --label_smoothing 0.0 --grad_clip_norm 1.0 --start_phase 1
539982,bert_u2_mlp_ce_std,complete,transformer,bert,bert-base-uncased,text,2,mlp,cross_entropy,5,auto,2e-5,1e-4,cache_tokens,fixed_test_csv,1,23358,4122,3534,0.7640,0.5391,0.7682,0.7654,5,1,,,,bert | text | L2 | mlp | cross_entropy,/home/k/kimsh/cs4248/project/results/slurm_new_539982.log,python -u run_all.py --classifier transformer --model bert --max_length 128 --embed_batch_size 64 --batch_size 32 --eval_batch_size 64 --encoder_lr 2e-5 --classifier_lr 1e-4 --weight_decay 1e-2 --warmup_ratio 0.1 --pooling auto --dropout 0.1 --run_name bert_u2_mlp_ce_std --epochs 5 --unfreeze_layers 2 --input_mode text --head_type mlp --hidden_dim 0 --loss_name cross_entropy --focal_gamma 1.5 --patience 2 --label_smoothing 0.0 --grad_clip_norm 1.0 --start_phase 1
539996,bert_u12_mlp_ce_std,complete,transformer,bert,bert-base-uncased,text,12,mlp,cross_entropy,5,auto,2e-5,1e-4,cache_tokens,fixed_test_csv,1,23358,4122,3534,0.7941,0.5675,0.7902,0.7872,3,1,,,,bert | text | L12 | mlp | cross_entropy,/home/k/kimsh/cs4248/project/results/slurm_new_539996.log,python -u run_all.py --classifier transformer --model bert --max_length 128 --embed_batch_size 64 --batch_size 32 --eval_batch_size 64 --encoder_lr 2e-5 --classifier_lr 1e-4 --weight_decay 1e-2 --warmup_ratio 0.1 --pooling auto --dropout 0.1 --run_name bert_u12_mlp_ce_std --epochs 5 --unfreeze_layers 12 --input_mode text --head_type mlp --hidden_dim 0 --loss_name cross_entropy --focal_gamma 1.5 --patience 2 --label_smoothing 0.0 --grad_clip_norm 1.0 --start_phase 1
540010,bertweet_u0_mlp_ce_std,complete,transformer,bertweet,vinai/bertweet-base,text,0,mlp,cross_entropy,5,auto,2e-5,1e-4,cache_tokens,fixed_test_csv,1,23358,4122,3534,0.6424,0.8184,0.6361,0.6341,4,1,,,,bertweet | text | L0 | mlp | cross_entropy,/home/k/kimsh/cs4248/project/results/slurm_new_540010.log,python -u run_all.py --classifier transformer --model bertweet --max_length 128 --embed_batch_size 64 --batch_size 32 --eval_batch_size 64 --encoder_lr 2e-5 --classifier_lr 1e-4 --weight_decay 1e-2 --warmup_ratio 0.1 --pooling auto --dropout 0.1 --run_name bertweet_u0_mlp_ce_std --epochs 5 --unfreeze_layers 0 --input_mode text --head_type mlp --hidden_dim 0 --loss_name cross_entropy --focal_gamma 1.5 --patience 2 --label_smoothing 0.0 --grad_clip_norm 1.0 --start_phase 1
540013,bertweet_u2_mlp_ce_std,complete,transformer,bertweet,vinai/bertweet-base,text,2,mlp,cross_entropy,5,auto,2e-5,1e-4,cache_tokens,fixed_test_csv,1,23358,4122,3534,0.7752,0.5239,0.7748,0.7716,5,1,,,,bertweet | text | L2 | mlp | cross_entropy,/home/k/kimsh/cs4248/project/results/slurm_new_540013.log,python -u run_all.py --classifier transformer --model bertweet --max_length 128 --embed_batch_size 64 --batch_size 32 --eval_batch_size 64 --encoder_lr 2e-5 --classifier_lr 1e-4 --weight_decay 1e-2 --warmup_ratio 0.1 --pooling auto --dropout 0.1 --run_name bertweet_u2_mlp_ce_std --epochs 5 --unfreeze_layers 2 --input_mode text --head_type mlp --hidden_dim 0 --loss_name cross_entropy --focal_gamma 1.5 --patience 2 --label_smoothing 0.0 --grad_clip_norm 1.0 --start_phase 1
540018,bertweet_u12_mlp_ce_std,complete,transformer,bertweet,vinai/bertweet-base,text,12,mlp,cross_entropy,5,auto,2e-5,1e-4,cache_tokens,fixed_test_csv,1,23358,4122,3534,0.7991,0.5572,0.8008,0.7977,4,1,,,,bertweet | text | L12 | mlp | cross_entropy,/home/k/kimsh/cs4248/project/results/slurm_new_540018.log,python -u run_all.py --classifier transformer --model bertweet --max_length 128 --embed_batch_size 64 --batch_size 32 --eval_batch_size 64 --encoder_lr 2e-5 --classifier_lr 1e-4 --weight_decay 1e-2 --warmup_ratio 0.1 --pooling auto --dropout 0.1 --run_name bertweet_u12_mlp_ce_std --epochs 5 --unfreeze_layers 12 --input_mode text --head_type mlp --hidden_dim 0 --loss_name cross_entropy --focal_gamma 1.5 --patience 2 --label_smoothing 0.0 --grad_clip_norm 1.0 --start_phase 1
540027,finbert_u0_mlp_ce_std,complete,transformer,finbert,ProsusAI/finbert,text,0,mlp,cross_entropy,5,auto,2e-5,1e-4,cache_tokens,fixed_test_csv,1,23358,4122,3534,0.6909,0.6838,0.6960,0.6924,2,1,,,,finbert | text | L0 | mlp | cross_entropy,/home/k/kimsh/cs4248/project/results/slurm_new_540027.log,python -u run_all.py --classifier transformer --model finbert --max_length 128 --embed_batch_size 64 --batch_size 32 --eval_batch_size 64 --encoder_lr 2e-5 --classifier_lr 1e-4 --weight_decay 1e-2 --warmup_ratio 0.1 --pooling auto --dropout 0.1 --run_name finbert_u0_mlp_ce_std --epochs 5 --unfreeze_layers 0 --input_mode text --head_type mlp --hidden_dim 0 --loss_name cross_entropy --focal_gamma 1.5 --patience 2 --label_smoothing 0.0 --grad_clip_norm 1.0 --start_phase 1
540031,finbert_u2_mlp_ce_std,complete,transformer,finbert,ProsusAI/finbert,text,2,mlp,cross_entropy,5,auto,2e-5,1e-4,cache_tokens,fixed_test_csv,1,23358,4122,3534,0.7493,0.5639,0.7588,0.7558,5,1,,,,finbert | text | L2 | mlp | cross_entropy,/home/k/kimsh/cs4248/project/results/slurm_new_540031.log,python -u run_all.py --classifier transformer --model finbert --max_length 128 --embed_batch_size 64 --batch_size 32 --eval_batch_size 64 --encoder_lr 2e-5 --classifier_lr 1e-4 --weight_decay 1e-2 --warmup_ratio 0.1 --pooling auto --dropout 0.1 --run_name finbert_u2_mlp_ce_std --epochs 5 --unfreeze_layers 2 --input_mode text --head_type mlp --hidden_dim 0 --loss_name cross_entropy --focal_gamma 1.5 --patience 2 --label_smoothing 0.0 --grad_clip_norm 1.0 --start_phase 1
540035,finbert_u12_mlp_ce_std,complete,transformer,finbert,ProsusAI/finbert,text,12,mlp,cross_entropy,5,auto,2e-5,1e-4,cache_tokens,fixed_test_csv,1,23358,4122,3534,0.7900,0.5169,0.7885,0.7852,2,1,,,,finbert | text | L12 | mlp | cross_entropy,/home/k/kimsh/cs4248/project/results/slurm_new_540035.log,python -u run_all.py --classifier transformer --model finbert --max_length 128 --embed_batch_size 64 --batch_size 32 --eval_batch_size 64 --encoder_lr 2e-5 --classifier_lr 1e-4 --weight_decay 1e-2 --warmup_ratio 0.1 --pooling auto --dropout 0.1 --run_name finbert_u12_mlp_ce_std --epochs 5 --unfreeze_layers 12 --input_mode text --head_type mlp --hidden_dim 0 --loss_name cross_entropy --focal_gamma 1.5 --patience 2 --label_smoothing 0.0 --grad_clip_norm 1.0 --start_phase 1
540039,bert_u4_lin_ce_std,complete,transformer,bert,bert-base-uncased,text,4,linear,cross_entropy,5,auto,2e-5,1e-4,cache_tokens,fixed_test_csv,1,23358,4122,3534,0.7775,0.5082,0.7873,0.7838,3,1,,,,bert | text | L4 | linear | cross_entropy,/home/k/kimsh/cs4248/project/results/slurm_new_540039.log,python -u run_all.py --classifier transformer --model bert --max_length 128 --embed_batch_size 64 --batch_size 32 --eval_batch_size 64 --encoder_lr 2e-5 --classifier_lr 1e-4 --weight_decay 1e-2 --warmup_ratio 0.1 --pooling auto --dropout 0.1 --run_name bert_u4_lin_ce_std --epochs 5 --unfreeze_layers 4 --input_mode text --head_type linear --hidden_dim 0 --loss_name cross_entropy --focal_gamma 1.5 --patience 2 --label_smoothing 0.0 --grad_clip_norm 1.0 --start_phase 1
540041,bertweet_u4_lin_ce_std,complete,transformer,bertweet,vinai/bertweet-base,text,4,linear,cross_entropy,5,auto,2e-5,1e-4,cache_tokens,fixed_test_csv,1,23358,4122,3534,0.7882,0.5041,0.7844,0.7807,4,1,,,,bertweet | text | L4 | linear | cross_entropy,/home/k/kimsh/cs4248/project/results/slurm_new_540041.log,python -u run_all.py --classifier transformer --model bertweet --max_length 128 --embed_batch_size 64 --batch_size 32 --eval_batch_size 64 --encoder_lr 2e-5 --classifier_lr 1e-4 --weight_decay 1e-2 --warmup_ratio 0.1 --pooling auto --dropout 0.1 --run_name bertweet_u4_lin_ce_std --epochs 5 --unfreeze_layers 4 --input_mode text --head_type linear --hidden_dim 0 --loss_name cross_entropy --focal_gamma 1.5 --patience 2 --label_smoothing 0.0 --grad_clip_norm 1.0 --start_phase 1
540046,finbert_u4_lin_ce_std,complete,transformer,finbert,ProsusAI/finbert,text,4,linear,cross_entropy,5,auto,2e-5,1e-4,cache_tokens,fixed_test_csv,1,23358,4122,3534,0.7578,0.5428,0.7704,0.7674,2,1,,,,finbert | text | L4 | linear | cross_entropy,/home/k/kimsh/cs4248/project/results/slurm_new_540046.log,python -u run_all.py --classifier transformer --model finbert --max_length 128 --embed_batch_size 64 --batch_size 32 --eval_batch_size 64 --encoder_lr 2e-5 --classifier_lr 1e-4 --weight_decay 1e-2 --warmup_ratio 0.1 --pooling auto --dropout 0.1 --run_name finbert_u4_lin_ce_std --epochs 5 --unfreeze_layers 4 --input_mode text --head_type linear --hidden_dim 0 --loss_name cross_entropy --focal_gamma 1.5 --patience 2 --label_smoothing 0.0 --grad_clip_norm 1.0 --start_phase 1
540050,bert_u4_mlp_focal_std,complete,transformer,bert,bert-base-uncased,text,4,mlp,focal,5,auto,2e-5,1e-4,cache_tokens,fixed_test_csv,1,23358,4122,3534,0.7770,0.2541,0.7930,0.7898,3,1,,,,bert | text | L4 | mlp | focal,/home/k/kimsh/cs4248/project/results/slurm_new_540050.log,python -u run_all.py --classifier transformer --model bert --max_length 128 --embed_batch_size 64 --batch_size 32 --eval_batch_size 64 --encoder_lr 2e-5 --classifier_lr 1e-4 --weight_decay 1e-2 --warmup_ratio 0.1 --pooling auto --dropout 0.1 --run_name bert_u4_mlp_focal_std --epochs 5 --unfreeze_layers 4 --input_mode text --head_type mlp --hidden_dim 0 --loss_name focal --focal_gamma 1.5 --patience 2 --label_smoothing 0.0 --grad_clip_norm 1.0 --start_phase 1
540538,bertweet_u4_mlp_focal_std,complete,transformer,bertweet,vinai/bertweet-base,text,4,mlp,focal,5,auto,2e-5,1e-4,cache_tokens,fixed_test_csv,1,23358,4122,3534,0.7895,0.2413,0.7872,0.7838,4,1,,,,bertweet | text | L4 | mlp | focal,/home/k/kimsh/cs4248/project/results/slurm_new_540538.log,python -u run_all.py --classifier transformer --model bertweet --max_length 128 --embed_batch_size 64 --batch_size 32 --eval_batch_size 64 --encoder_lr 2e-5 --classifier_lr 1e-4 --weight_decay 1e-2 --warmup_ratio 0.1 --pooling auto --dropout 0.1 --run_name bertweet_u4_mlp_focal_std --epochs 5 --unfreeze_layers 4 --input_mode text --head_type mlp --hidden_dim 0 --loss_name focal --focal_gamma 1.5 --patience 2 --label_smoothing 0.0 --grad_clip_norm 1.0 --start_phase 1
540568,finbert_u4_mlp_focal_std,complete,transformer,finbert,ProsusAI/finbert,text,4,mlp,focal,5,auto,2e-5,1e-4,cache_tokens,fixed_test_csv,1,23358,4122,3534,0.7557,0.2652,0.7686,0.7654,4,1,,,,finbert | text | L4 | mlp | focal,/home/k/kimsh/cs4248/project/results/slurm_new_540568.log,python -u run_all.py --classifier transformer --model finbert --max_length 128 --embed_batch_size 64 --batch_size 32 --eval_batch_size 64 --encoder_lr 2e-5 --classifier_lr 1e-4 --weight_decay 1e-2 --warmup_ratio 0.1 --pooling auto --dropout 0.1 --run_name finbert_u4_mlp_focal_std --epochs 5 --unfreeze_layers 4 --input_mode text --head_type mlp --hidden_dim 0 --loss_name focal --focal_gamma 1.5 --patience 2 --label_smoothing 0.0 --grad_clip_norm 1.0 --start_phase 1
540620,bert_u4_mlp_ce_low,complete,transformer,bert,bert-base-uncased,text,4,mlp,cross_entropy,5,auto,1e-5,5e-5,cache_tokens,fixed_test_csv,1,23358,4122,3534,0.7689,0.5262,0.7795,0.7767,4,1,,,,bert | text | L4 | mlp | cross_entropy,/home/k/kimsh/cs4248/project/results/slurm_new_540620.log,python -u run_all.py --classifier transformer --model bert --max_length 128 --embed_batch_size 64 --batch_size 32 --eval_batch_size 64 --encoder_lr 1e-5 --classifier_lr 5e-5 --weight_decay 1e-2 --warmup_ratio 0.1 --pooling auto --dropout 0.1 --run_name bert_u4_mlp_ce_low --epochs 5 --unfreeze_layers 4 --input_mode text --head_type mlp --hidden_dim 0 --loss_name cross_entropy --focal_gamma 1.5 --patience 2 --label_smoothing 0.0 --grad_clip_norm 1.0 --start_phase 1
540665,bertweet_u4_mlp_ce_low,complete,transformer,bertweet,vinai/bertweet-base,text,4,mlp,cross_entropy,5,auto,1e-5,5e-5,cache_tokens,fixed_test_csv,1,23358,4122,3534,0.7874,0.5013,0.7883,0.7849,4,1,,,,bertweet | text | L4 | mlp | cross_entropy,/home/k/kimsh/cs4248/project/results/slurm_new_540665.log,python -u run_all.py --classifier transformer --model bertweet --max_length 128 --embed_batch_size 64 --batch_size 32 --eval_batch_size 64 --encoder_lr 1e-5 --classifier_lr 5e-5 --weight_decay 1e-2 --warmup_ratio 0.1 --pooling auto --dropout 0.1 --run_name bertweet_u4_mlp_ce_low --epochs 5 --unfreeze_layers 4 --input_mode text --head_type mlp --hidden_dim 0 --loss_name cross_entropy --focal_gamma 1.5 --patience 2 --label_smoothing 0.0 --grad_clip_norm 1.0 --start_phase 1
540713,finbert_u4_mlp_ce_low,complete,transformer,finbert,ProsusAI/finbert,text,4,mlp,cross_entropy,5,auto,1e-5,5e-5,cache_tokens,fixed_test_csv,1,23358,4122,3534,0.7562,0.5646,0.7650,0.7612,2,1,,,,finbert | text | L4 | mlp | cross_entropy,/home/k/kimsh/cs4248/project/results/slurm_new_540713.log,python -u run_all.py --classifier transformer --model finbert --max_length 128 --embed_batch_size 64 --batch_size 32 --eval_batch_size 64 --encoder_lr 1e-5 --classifier_lr 5e-5 --weight_decay 1e-2 --warmup_ratio 0.1 --pooling auto --dropout 0.1 --run_name finbert_u4_mlp_ce_low --epochs 5 --unfreeze_layers 4 --input_mode text --head_type mlp --hidden_dim 0 --loss_name cross_entropy --focal_gamma 1.5 --patience 2 --label_smoothing 0.0 --grad_clip_norm 1.0 --start_phase 1
540761,bert_u4_mlp_ce_meta_all_std,complete,transformer,bert,bert-base-uncased,text,4,mlp,cross_entropy,5,auto,2e-5,1e-4,cache_records,fixed_test_csv,1,23358,4122,3534,0.7849,0.5244,0.7853,0.7821,4,1,1,1,1,bert | text | L4 | mlp | cross_entropy,/home/k/kimsh/cs4248/project/results/slurm_new_540761.log,python -u run_all.py --classifier transformer --model bert --max_length 128 --embed_batch_size 64 --batch_size 32 --eval_batch_size 64 --encoder_lr 2e-5 --classifier_lr 1e-4 --weight_decay 1e-2 --warmup_ratio 0.1 --pooling auto --dropout 0.1 --run_name bert_u4_mlp_ce_meta_all_std --epochs 5 --unfreeze_layers 4 --input_mode text --head_type mlp --hidden_dim 0 --loss_name cross_entropy --focal_gamma 1.5 --patience 2 --label_smoothing 0.0 --grad_clip_norm 1.0 --use_time_of_tweet --use_age_of_user --use_country --start_phase 1
540790,bertweet_u4_mlp_ce_meta_all_std,complete,transformer,bertweet,vinai/bertweet-base,text,4,mlp,cross_entropy,5,auto,2e-5,1e-4,cache_records,fixed_test_csv,1,23358,4122,3534,0.7848,0.4948,0.7940,0.7909,4,1,1,1,1,bertweet | text | L4 | mlp | cross_entropy,/home/k/kimsh/cs4248/project/results/slurm_new_540790.log,python -u run_all.py --classifier transformer --model bertweet --max_length 128 --embed_batch_size 64 --batch_size 32 --eval_batch_size 64 --encoder_lr 2e-5 --classifier_lr 1e-4 --weight_decay 1e-2 --warmup_ratio 0.1 --pooling auto --dropout 0.1 --run_name bertweet_u4_mlp_ce_meta_all_std --epochs 5 --unfreeze_layers 4 --input_mode text --head_type mlp --hidden_dim 0 --loss_name cross_entropy --focal_gamma 1.5 --patience 2 --label_smoothing 0.0 --grad_clip_norm 1.0 --use_time_of_tweet --use_age_of_user --use_country --start_phase 1
540824,finbert_u4_mlp_ce_meta_all_std,complete,transformer,finbert,ProsusAI/finbert,text,4,mlp,cross_entropy,5,auto,2e-5,1e-4,cache_records,fixed_test_csv,1,23358,4122,3534,0.7668,0.5351,0.7808,0.7776,3,1,1,1,1,finbert | text | L4 | mlp | cross_entropy,/home/k/kimsh/cs4248/project/results/slurm_new_540824.log,python -u run_all.py --classifier transformer --model finbert --max_length 128 --embed_batch_size 64 --batch_size 32 --eval_batch_size 64 --encoder_lr 2e-5 --classifier_lr 1e-4 --weight_decay 1e-2 --warmup_ratio 0.1 --pooling auto --dropout 0.1 --run_name finbert_u4_mlp_ce_meta_all_std --epochs 5 --unfreeze_layers 4 --input_mode text --head_type mlp --hidden_dim 0 --loss_name cross_entropy --focal_gamma 1.5 --patience 2 --label_smoothing 0.0 --grad_clip_norm 1.0 --use_time_of_tweet --use_age_of_user --use_country --start_phase 1
540865,bert_u4_mlp_ce_meta_time_std,complete,transformer,bert,bert-base-uncased,text,4,mlp,cross_entropy,5,auto,2e-5,1e-4,cache_records,fixed_test_csv,1,23358,4122,3534,0.7737,0.5234,0.7825,0.7790,2,1,1,,,bert | text | L4 | mlp | cross_entropy,/home/k/kimsh/cs4248/project/results/slurm_new_540865.log,python -u run_all.py --classifier transformer --model bert --max_length 128 --embed_batch_size 64 --batch_size 32 --eval_batch_size 64 --encoder_lr 2e-5 --classifier_lr 1e-4 --weight_decay 1e-2 --warmup_ratio 0.1 --pooling auto --dropout 0.1 --run_name bert_u4_mlp_ce_meta_time_std --epochs 5 --unfreeze_layers 4 --input_mode text --head_type mlp --hidden_dim 0 --loss_name cross_entropy --focal_gamma 1.5 --patience 2 --label_smoothing 0.0 --grad_clip_norm 1.0 --use_time_of_tweet --start_phase 1
540885,bert_u4_mlp_ce_meta_age_std,complete,transformer,bert,bert-base-uncased,text,4,mlp,cross_entropy,5,auto,2e-5,1e-4,cache_records,fixed_test_csv,1,23358,4122,3534,0.7753,0.5062,0.7845,0.7816,3,1,,1,,bert | text | L4 | mlp | cross_entropy,/home/k/kimsh/cs4248/project/results/slurm_new_540885.log,python -u run_all.py --classifier transformer --model bert --max_length 128 --embed_batch_size 64 --batch_size 32 --eval_batch_size 64 --encoder_lr 2e-5 --classifier_lr 1e-4 --weight_decay 1e-2 --warmup_ratio 0.1 --pooling auto --dropout 0.1 --run_name bert_u4_mlp_ce_meta_age_std --epochs 5 --unfreeze_layers 4 --input_mode text --head_type mlp --hidden_dim 0 --loss_name cross_entropy --focal_gamma 1.5 --patience 2 --label_smoothing 0.0 --grad_clip_norm 1.0 --use_age_of_user --start_phase 1
540905,bert_u4_mlp_ce_meta_country_std,complete,transformer,bert,bert-base-uncased,text,4,mlp,cross_entropy,5,auto,2e-5,1e-4,cache_records,fixed_test_csv,1,23358,4122,3534,0.7787,0.5199,0.7852,0.7827,3,1,,,1,bert | text | L4 | mlp | cross_entropy,/home/k/kimsh/cs4248/project/results/slurm_new_540905.log,python -u run_all.py --classifier transformer --model bert --max_length 128 --embed_batch_size 64 --batch_size 32 --eval_batch_size 64 --encoder_lr 2e-5 --classifier_lr 1e-4 --weight_decay 1e-2 --warmup_ratio 0.1 --pooling auto --dropout 0.1 --run_name bert_u4_mlp_ce_meta_country_std --epochs 5 --unfreeze_layers 4 --input_mode text --head_type mlp --hidden_dim 0 --loss_name cross_entropy --focal_gamma 1.5 --patience 2 --label_smoothing 0.0 --grad_clip_norm 1.0 --use_country --start_phase 1
540932,finbert_u4_mlp_ce_meta_time_std,complete,transformer,finbert,ProsusAI/finbert,text,4,mlp,cross_entropy,5,auto,2e-5,1e-4,cache_records,fixed_test_csv,1,23358,4122,3534,0.7666,0.5479,0.7772,0.7742,5,1,1,,,finbert | text | L4 | mlp | cross_entropy,/home/k/kimsh/cs4248/project/results/slurm_new_540932.log,python -u run_all.py --classifier transformer --model finbert --max_length 128 --embed_batch_size 64 --batch_size 32 --eval_batch_size 64 --encoder_lr 2e-5 --classifier_lr 1e-4 --weight_decay 1e-2 --warmup_ratio 0.1 --pooling auto --dropout 0.1 --run_name finbert_u4_mlp_ce_meta_time_std --epochs 5 --unfreeze_layers 4 --input_mode text --head_type mlp --hidden_dim 0 --loss_name cross_entropy --focal_gamma 1.5 --patience 2 --label_smoothing 0.0 --grad_clip_norm 1.0 --use_time_of_tweet --start_phase 1
540961,finbert_u4_mlp_ce_meta_age_std,complete,transformer,finbert,ProsusAI/finbert,text,4,mlp,cross_entropy,5,auto,2e-5,1e-4,cache_records,fixed_test_csv,1,23358,4122,3534,0.7634,0.5446,0.7711,0.7677,3,1,,1,,finbert | text | L4 | mlp | cross_entropy,/home/k/kimsh/cs4248/project/results/slurm_new_540961.log,python -u run_all.py --classifier transformer --model finbert --max_length 128 --embed_batch_size 64 --batch_size 32 --eval_batch_size 64 --encoder_lr 2e-5 --classifier_lr 1e-4 --weight_decay 1e-2 --warmup_ratio 0.1 --pooling auto --dropout 0.1 --run_name finbert_u4_mlp_ce_meta_age_std --epochs 5 --unfreeze_layers 4 --input_mode text --head_type mlp --hidden_dim 0 --loss_name cross_entropy --focal_gamma 1.5 --patience 2 --label_smoothing 0.0 --grad_clip_norm 1.0 --use_age_of_user --start_phase 1
541006,finbert_u4_mlp_ce_meta_country_std,complete,transformer,finbert,ProsusAI/finbert,text,4,mlp,cross_entropy,5,auto,2e-5,1e-4,cache_records,fixed_test_csv,1,23358,4122,3534,0.7662,0.5622,0.7666,0.7629,2,1,,,1,finbert | text | L4 | mlp | cross_entropy,/home/k/kimsh/cs4248/project/results/slurm_new_541006.log,python -u run_all.py --classifier transformer --model finbert --max_length 128 --embed_batch_size 64 --batch_size 32 --eval_batch_size 64 --encoder_lr 2e-5 --classifier_lr 1e-4 --weight_decay 1e-2 --warmup_ratio 0.1 --pooling auto --dropout 0.1 --run_name finbert_u4_mlp_ce_meta_country_std --epochs 5 --unfreeze_layers 4 --input_mode text --head_type mlp --hidden_dim 0 --loss_name cross_entropy --focal_gamma 1.5 --patience 2 --label_smoothing 0.0 --grad_clip_norm 1.0 --use_country --start_phase 1
541030,bert_u4_mlp_ce_std_mean,complete,transformer,bert,bert-base-uncased,text,4,mlp,cross_entropy,5,mean,2e-5,1e-4,cache_tokens,fixed_test_csv,1,23358,4122,3534,0.7734,0.5245,0.7862,0.7832,5,1,,,,bert | text | L4 | mlp | cross_entropy,/home/k/kimsh/cs4248/project/results/slurm_new_541030.log,python -u run_all.py --classifier transformer --model bert --max_length 128 --embed_batch_size 64 --batch_size 32 --eval_batch_size 64 --encoder_lr 2e-5 --classifier_lr 1e-4 --weight_decay 1e-2 --warmup_ratio 0.1 --pooling mean --dropout 0.1 --run_name bert_u4_mlp_ce_std_mean --epochs 5 --unfreeze_layers 4 --input_mode text --head_type mlp --hidden_dim 0 --loss_name cross_entropy --focal_gamma 1.5 --patience 2 --label_smoothing 0.0 --grad_clip_norm 1.0 --start_phase 1
541068,bertweet_u4_mlp_ce_std_mean,complete,transformer,bertweet,vinai/bertweet-base,text,4,mlp,cross_entropy,5,mean,2e-5,1e-4,cache_tokens,fixed_test_csv,1,23358,4122,3534,0.7888,0.5244,0.7823,0.7787,4,1,,,,bertweet | text | L4 | mlp | cross_entropy,/home/k/kimsh/cs4248/project/results/slurm_new_541068.log,python -u run_all.py --classifier transformer --model bertweet --max_length 128 --embed_batch_size 64 --batch_size 32 --eval_batch_size 64 --encoder_lr 2e-5 --classifier_lr 1e-4 --weight_decay 1e-2 --warmup_ratio 0.1 --pooling mean --dropout 0.1 --run_name bertweet_u4_mlp_ce_std_mean --epochs 5 --unfreeze_layers 4 --input_mode text --head_type mlp --hidden_dim 0 --loss_name cross_entropy --focal_gamma 1.5 --patience 2 --label_smoothing 0.0 --grad_clip_norm 1.0 --start_phase 1
541111,finbert_u4_mlp_ce_std_mean,complete,transformer,finbert,ProsusAI/finbert,text,4,mlp,cross_entropy,5,mean,2e-5,1e-4,cache_tokens,fixed_test_csv,1,23358,4122,3534,0.7630,0.5462,0.7696,0.7666,2,1,,,,finbert | text | L4 | mlp | cross_entropy,/home/k/kimsh/cs4248/project/results/slurm_new_541111.log,python -u run_all.py --classifier transformer --model finbert --max_length 128 --embed_batch_size 64 --batch_size 32 --eval_batch_size 64 --encoder_lr 2e-5 --classifier_lr 1e-4 --weight_decay 1e-2 --warmup_ratio 0.1 --pooling mean --dropout 0.1 --run_name finbert_u4_mlp_ce_std_mean --epochs 5 --unfreeze_layers 4 --input_mode text --head_type mlp --hidden_dim 0 --loss_name cross_entropy --focal_gamma 1.5 --patience 2 --label_smoothing 0.0 --grad_clip_norm 1.0 --start_phase 1
541142,bert_u4_mlp_ce_meta_all_low,complete,transformer,bert,bert-base-uncased,text,4,mlp,cross_entropy,5,auto,1e-5,5e-5,cache_records,fixed_test_csv,1,23358,4122,3534,0.7707,0.5264,0.7800,0.7773,5,1,1,1,1,bert | text | L4 | mlp | cross_entropy,/home/k/kimsh/cs4248/project/results/slurm_new_541142.log,python -u run_all.py --classifier transformer --model bert --max_length 128 --embed_batch_size 64 --batch_size 32 --eval_batch_size 64 --encoder_lr 1e-5 --classifier_lr 5e-5 --weight_decay 1e-2 --warmup_ratio 0.1 --pooling auto --dropout 0.1 --run_name bert_u4_mlp_ce_meta_all_low --epochs 5 --unfreeze_layers 4 --input_mode text --head_type mlp --hidden_dim 0 --loss_name cross_entropy --focal_gamma 1.5 --patience 2 --label_smoothing 0.0 --grad_clip_norm 1.0 --use_time_of_tweet --use_age_of_user --use_country --start_phase 1
541167,finbert_u4_mlp_ce_meta_all_low,complete,transformer,finbert,ProsusAI/finbert,text,4,mlp,cross_entropy,5,auto,1e-5,5e-5,cache_records,fixed_test_csv,1,23358,4122,3534,0.7575,0.5545,0.7696,0.7666,5,1,1,1,1,finbert | text | L4 | mlp | cross_entropy,/home/k/kimsh/cs4248/project/results/slurm_new_541167.log,python -u run_all.py --classifier transformer --model finbert --max_length 128 --embed_batch_size 64 --batch_size 32 --eval_batch_size 64 --encoder_lr 1e-5 --classifier_lr 5e-5 --weight_decay 1e-2 --warmup_ratio 0.1 --pooling auto --dropout 0.1 --run_name finbert_u4_mlp_ce_meta_all_low --epochs 5 --unfreeze_layers 4 --input_mode text --head_type mlp --hidden_dim 0 --loss_name cross_entropy --focal_gamma 1.5 --patience 2 --label_smoothing 0.0 --grad_clip_norm 1.0 --use_time_of_tweet --use_age_of_user --use_country --start_phase 1
541440,qwen2_u0_mlp_ce_std,complete,transformer,qwen2,Qwen/Qwen2.5-0.5B,text,0,mlp,cross_entropy,5,auto,2e-5,1e-4,cache_tokens,fixed_test_csv,1,23358,4122,3534,0.6566,0.7563,0.6504,0.6466,5,1,,,,qwen2 | text | L0 | mlp | cross_entropy,/home/k/kimsh/cs4248/project/results/slurm_new_541440.log,python -u run_all.py --classifier transformer --model qwen2 --max_length 128 --embed_batch_size 64 --batch_size 32 --eval_batch_size 64 --encoder_lr 2e-5 --classifier_lr 1e-4 --weight_decay 1e-2 --warmup_ratio 0.1 --pooling auto --dropout 0.1 --run_name qwen2_u0_mlp_ce_std --epochs 5 --unfreeze_layers 0 --input_mode text --head_type mlp --hidden_dim 0 --loss_name cross_entropy --focal_gamma 1.5 --patience 2 --label_smoothing 0.0 --grad_clip_norm 1.0 --start_phase 1
541493,qwen2_u2_mlp_ce_std,complete,transformer,qwen2,Qwen/Qwen2.5-0.5B,text,2,mlp,cross_entropy,5,auto,2e-5,1e-4,cache_tokens,fixed_test_csv,1,23358,4122,3534,0.7388,0.6145,0.7286,0.7258,4,1,,,,qwen2 | text | L2 | mlp | cross_entropy,/home/k/kimsh/cs4248/project/results/slurm_new_541493.log,python -u run_all.py --classifier transformer --model qwen2 --max_length 128 --embed_batch_size 64 --batch_size 32 --eval_batch_size 64 --encoder_lr 2e-5 --classifier_lr 1e-4 --weight_decay 1e-2 --warmup_ratio 0.1 --pooling auto --dropout 0.1 --run_name qwen2_u2_mlp_ce_std --epochs 5 --unfreeze_layers 2 --input_mode text --head_type mlp --hidden_dim 0 --loss_name cross_entropy --focal_gamma 1.5 --patience 2 --label_smoothing 0.0 --grad_clip_norm 1.0 --start_phase 1
541517,qwen2_u12_mlp_ce_std,complete,transformer,qwen2,Qwen/Qwen2.5-0.5B,text,12,mlp,cross_entropy,5,auto,2e-5,1e-4,cache_tokens,fixed_test_csv,1,23358,4122,3534,0.7874,0.5392,0.7844,0.7810,2,1,,,,qwen2 | text | L12 | mlp | cross_entropy,/home/k/kimsh/cs4248/project/results/slurm_new_541517.log,python -u run_all.py --classifier transformer --model qwen2 --max_length 128 --embed_batch_size 64 --batch_size 32 --eval_batch_size 64 --encoder_lr 2e-5 --classifier_lr 1e-4 --weight_decay 1e-2 --warmup_ratio 0.1 --pooling auto --dropout 0.1 --run_name qwen2_u12_mlp_ce_std --epochs 5 --unfreeze_layers 12 --input_mode text --head_type mlp --hidden_dim 0 --loss_name cross_entropy --focal_gamma 1.5 --patience 2 --label_smoothing 0.0 --grad_clip_norm 1.0 --start_phase 1
541527,qwen2_u4_lin_ce_std,complete,transformer,qwen2,Qwen/Qwen2.5-0.5B,text,4,linear,cross_entropy,5,auto,2e-5,1e-4,cache_tokens,fixed_test_csv,1,23358,4122,3534,0.7366,0.6180,0.7381,0.7340,3,1,,,,qwen2 | text | L4 | linear | cross_entropy,/home/k/kimsh/cs4248/project/results/slurm_new_541527.log,python -u run_all.py --classifier transformer --model qwen2 --max_length 128 --embed_batch_size 64 --batch_size 32 --eval_batch_size 64 --encoder_lr 2e-5 --classifier_lr 1e-4 --weight_decay 1e-2 --warmup_ratio 0.1 --pooling auto --dropout 0.1 --run_name qwen2_u4_lin_ce_std --epochs 5 --unfreeze_layers 4 --input_mode text --head_type linear --hidden_dim 0 --loss_name cross_entropy --focal_gamma 1.5 --patience 2 --label_smoothing 0.0 --grad_clip_norm 1.0 --start_phase 1
541557,qwen2_u4_mlp_focal_std,complete,transformer,qwen2,Qwen/Qwen2.5-0.5B,text,4,mlp,focal,5,auto,2e-5,1e-4,cache_tokens,fixed_test_csv,1,23358,4122,3534,0.7463,0.2815,0.7470,0.7431,3,1,,,,qwen2 | text | L4 | mlp | focal,/home/k/kimsh/cs4248/project/results/slurm_new_541557.log,python -u run_all.py --classifier transformer --model qwen2 --max_length 128 --embed_batch_size 64 --batch_size 32 --eval_batch_size 64 --encoder_lr 2e-5 --classifier_lr 1e-4 --weight_decay 1e-2 --warmup_ratio 0.1 --pooling auto --dropout 0.1 --run_name qwen2_u4_mlp_focal_std --epochs 5 --unfreeze_layers 4 --input_mode text --head_type mlp --hidden_dim 0 --loss_name focal --focal_gamma 1.5 --patience 2 --label_smoothing 0.0 --grad_clip_norm 1.0 --start_phase 1
541577,qwen2_u4_mlp_ce_low,complete,transformer,qwen2,Qwen/Qwen2.5-0.5B,text,4,mlp,cross_entropy,5,auto,1e-5,5e-5,cache_tokens,fixed_test_csv,1,23358,4122,3534,0.7137,0.6656,0.7086,0.7043,4,1,,,,qwen2 | text | L4 | mlp | cross_entropy,/home/k/kimsh/cs4248/project/results/slurm_new_541577.log,python -u run_all.py --classifier transformer --model qwen2 --max_length 128 --embed_batch_size 64 --batch_size 32 --eval_batch_size 64 --encoder_lr 1e-5 --classifier_lr 5e-5 --weight_decay 1e-2 --warmup_ratio 0.1 --pooling auto --dropout 0.1 --run_name qwen2_u4_mlp_ce_low --epochs 5 --unfreeze_layers 4 --input_mode text --head_type mlp --hidden_dim 0 --loss_name cross_entropy --focal_gamma 1.5 --patience 2 --label_smoothing 0.0 --grad_clip_norm 1.0 --start_phase 1
541614,qwen2_u4_mlp_ce_std_mean,complete,transformer,qwen2,Qwen/Qwen2.5-0.5B,text,4,mlp,cross_entropy,5,mean,2e-5,1e-4,cache_tokens,fixed_test_csv,1,23358,4122,3534,0.7513,0.5786,0.7559,0.7527,5,1,,,,qwen2 | text | L4 | mlp | cross_entropy,/home/k/kimsh/cs4248/project/results/slurm_new_541614.log,python -u run_all.py --classifier transformer --model qwen2 --max_length 128 --embed_batch_size 64 --batch_size 32 --eval_batch_size 64 --encoder_lr 2e-5 --classifier_lr 1e-4 --weight_decay 1e-2 --warmup_ratio 0.1 --pooling mean --dropout 0.1 --run_name qwen2_u4_mlp_ce_std_mean --epochs 5 --unfreeze_layers 4 --input_mode text --head_type mlp --hidden_dim 0 --loss_name cross_entropy --focal_gamma 1.5 --patience 2 --label_smoothing 0.0 --grad_clip_norm 1.0 --start_phase 1
541643,tinyllama_u0_mlp_ce_std,complete,transformer,tinyllama,TinyLlama/TinyLlama-1.1B-Chat-v1.0,text,0,mlp,cross_entropy,5,auto,2e-5,1e-4,cache_tokens,fixed_test_csv,1,23358,4122,3534,0.6757,0.7037,0.6828,0.6791,5,1,,,,tinyllama | text | L0 | mlp | cross_entropy,/home/k/kimsh/cs4248/project/results/slurm_new_541643.log,python -u run_all.py --classifier transformer --model tinyllama --max_length 128 --embed_batch_size 64 --batch_size 32 --eval_batch_size 64 --encoder_lr 2e-5 --classifier_lr 1e-4 --weight_decay 1e-2 --warmup_ratio 0.1 --pooling auto --dropout 0.1 --run_name tinyllama_u0_mlp_ce_std --epochs 5 --unfreeze_layers 0 --input_mode text --head_type mlp --hidden_dim 0 --loss_name cross_entropy --focal_gamma 1.5 --patience 2 --label_smoothing 0.0 --grad_clip_norm 1.0 --start_phase 1
541682,tinyllama_u2_mlp_ce_std,complete,transformer,tinyllama,TinyLlama/TinyLlama-1.1B-Chat-v1.0,text,2,mlp,cross_entropy,5,auto,2e-5,1e-4,cache_tokens,fixed_test_csv,1,23358,4122,3534,0.7085,0.6481,0.7211,0.7173,5,1,,,,tinyllama | text | L2 | mlp | cross_entropy,/home/k/kimsh/cs4248/project/results/slurm_new_541682.log,python -u run_all.py --classifier transformer --model tinyllama --max_length 128 --embed_batch_size 64 --batch_size 32 --eval_batch_size 64 --encoder_lr 2e-5 --classifier_lr 1e-4 --weight_decay 1e-2 --warmup_ratio 0.1 --pooling auto --dropout 0.1 --run_name tinyllama_u2_mlp_ce_std --epochs 5 --unfreeze_layers 2 --input_mode text --head_type mlp --hidden_dim 0 --loss_name cross_entropy --focal_gamma 1.5 --patience 2 --label_smoothing 0.0 --grad_clip_norm 1.0 --start_phase 1
541719,tinyllama_u12_mlp_ce_std,complete,transformer,tinyllama,TinyLlama/TinyLlama-1.1B-Chat-v1.0,text,12,mlp,cross_entropy,5,auto,2e-5,1e-4,cache_tokens,fixed_test_csv,1,23358,4122,3534,0.7980,0.5015,0.7999,0.7960,1,1,,,,tinyllama | text | L12 | mlp | cross_entropy,/home/k/kimsh/cs4248/project/results/slurm_new_541719.log,python -u run_all.py --classifier transformer --model tinyllama --max_length 128 --embed_batch_size 64 --batch_size 32 --eval_batch_size 64 --encoder_lr 2e-5 --classifier_lr 1e-4 --weight_decay 1e-2 --warmup_ratio 0.1 --pooling auto --dropout 0.1 --run_name tinyllama_u12_mlp_ce_std --epochs 5 --unfreeze_layers 12 --input_mode text --head_type mlp --hidden_dim 0 --loss_name cross_entropy --focal_gamma 1.5 --patience 2 --label_smoothing 0.0 --grad_clip_norm 1.0 --start_phase 1
541758,tinyllama_u4_lin_ce_std,complete,transformer,tinyllama,TinyLlama/TinyLlama-1.1B-Chat-v1.0,text,4,linear,cross_entropy,5,auto,2e-5,1e-4,cache_tokens,fixed_test_csv,1,23358,4122,3534,0.7656,0.5442,0.7669,0.7632,5,1,,,,tinyllama | text | L4 | linear | cross_entropy,/home/k/kimsh/cs4248/project/results/slurm_new_541758.log,python -u run_all.py --classifier transformer --model tinyllama --max_length 128 --embed_batch_size 64 --batch_size 32 --eval_batch_size 64 --encoder_lr 2e-5 --classifier_lr 1e-4 --weight_decay 1e-2 --warmup_ratio 0.1 --pooling auto --dropout 0.1 --run_name tinyllama_u4_lin_ce_std --epochs 5 --unfreeze_layers 4 --input_mode text --head_type linear --hidden_dim 0 --loss_name cross_entropy --focal_gamma 1.5 --patience 2 --label_smoothing 0.0 --grad_clip_norm 1.0 --start_phase 1
541796,tinyllama_u4_mlp_focal_std,complete,transformer,tinyllama,TinyLlama/TinyLlama-1.1B-Chat-v1.0,text,4,mlp,focal,5,auto,2e-5,1e-4,cache_tokens,fixed_test_csv,1,23358,4122,3534,0.7526,0.2622,0.7591,0.7552,2,1,,,,tinyllama | text | L4 | mlp | focal,/home/k/kimsh/cs4248/project/results/slurm_new_541796.log,python -u run_all.py --classifier transformer --model tinyllama --max_length 128 --embed_batch_size 64 --batch_size 32 --eval_batch_size 64 --encoder_lr 2e-5 --classifier_lr 1e-4 --weight_decay 1e-2 --warmup_ratio 0.1 --pooling auto --dropout 0.1 --run_name tinyllama_u4_mlp_focal_std --epochs 5 --unfreeze_layers 4 --input_mode text --head_type mlp --hidden_dim 0 --loss_name focal --focal_gamma 1.5 --patience 2 --label_smoothing 0.0 --grad_clip_norm 1.0 --start_phase 1
541820,tinyllama_u4_mlp_ce_low,complete,transformer,tinyllama,TinyLlama/TinyLlama-1.1B-Chat-v1.0,text,4,mlp,cross_entropy,5,auto,1e-5,5e-5,cache_tokens,fixed_test_csv,1,23358,4122,3534,0.7019,0.6345,0.7212,0.7176,4,1,,,,tinyllama | text | L4 | mlp | cross_entropy,/home/k/kimsh/cs4248/project/results/slurm_new_541820.log,python -u run_all.py --classifier transformer --model tinyllama --max_length 128 --embed_batch_size 64 --batch_size 32 --eval_batch_size 64 --encoder_lr 1e-5 --classifier_lr 5e-5 --weight_decay 1e-2 --warmup_ratio 0.1 --pooling auto --dropout 0.1 --run_name tinyllama_u4_mlp_ce_low --epochs 5 --unfreeze_layers 4 --input_mode text --head_type mlp --hidden_dim 0 --loss_name cross_entropy --focal_gamma 1.5 --patience 2 --label_smoothing 0.0 --grad_clip_norm 1.0 --start_phase 1
541845,tinyllama_u4_mlp_ce_std_mean,complete,transformer,tinyllama,TinyLlama/TinyLlama-1.1B-Chat-v1.0,text,4,mlp,cross_entropy,5,mean,2e-5,1e-4,cache_tokens,fixed_test_csv,1,23358,4122,3534,0.7579,0.5907,0.7619,0.7581,5,1,,,,tinyllama | text | L4 | mlp | cross_entropy,/home/k/kimsh/cs4248/project/results/slurm_new_541845.log,python -u run_all.py --classifier transformer --model tinyllama --max_length 128 --embed_batch_size 64 --batch_size 32 --eval_batch_size 64 --encoder_lr 2e-5 --classifier_lr 1e-4 --weight_decay 1e-2 --warmup_ratio 0.1 --pooling mean --dropout 0.1 --run_name tinyllama_u4_mlp_ce_std_mean --epochs 5 --unfreeze_layers 4 --input_mode text --head_type mlp --hidden_dim 0 --loss_name cross_entropy --focal_gamma 1.5 --patience 2 --label_smoothing 0.0 --grad_clip_norm 1.0 --start_phase 1
541888,qwen2_linear,complete,linear,qwen2,Qwen/Qwen2.5-0.5B,,,,,,auto,2e-5,1e-4,,fixed_test_csv,1,23358,4122,,0.6469,,0.6373,0.6361,,1,,,,qwen2 | linear,/home/k/kimsh/cs4248/project/results/slurm_new_541888.log,python -u run_all.py --classifier linear --model qwen2 --max_length 128 --embed_batch_size 64 --batch_size 32 --eval_batch_size 64 --encoder_lr 2e-5 --classifier_lr 1e-4 --weight_decay 1e-2 --warmup_ratio 0.1 --pooling auto --dropout 0.1 --run_name qwen2_linear --start_phase 1
541894,tinyllama_linear,complete,linear,tinyllama,TinyLlama/TinyLlama-1.1B-Chat-v1.0,,,,,,auto,2e-5,1e-4,,fixed_test_csv,1,23358,4122,,0.6650,,0.6675,0.6653,,1,,,,tinyllama | linear,/home/k/kimsh/cs4248/project/results/slurm_new_541894.log,python -u run_all.py --classifier linear --model tinyllama --max_length 128 --embed_batch_size 64 --batch_size 32 --eval_batch_size 64 --encoder_lr 2e-5 --classifier_lr 1e-4 --weight_decay 1e-2 --warmup_ratio 0.1 --pooling auto --dropout 0.1 --run_name tinyllama_linear --start_phase 1

